cat,colBin,colSim,roiName,session
0.029918,0.022577,0.0081829,anatlOFC_30,session 1
0.001304,-0.010535,0.0018286,anatlOFC_30,session 1
-0.015766,0.017158,-0.0073259,anatlOFC_30,session 1
0.014167,-0.005076,0.0055779,anatlOFC_30,session 1
-0.00095039,0.00018428,0.00055173,anatlOFC_30,session 1
-0.0034362,0.003398,-0.0043725,anatlOFC_30,session 1
-0.0035763,0.015136,0.00036159,anatlOFC_30,session 1
-0.00028805,0.013747,-0.012099,anatlOFC_30,session 1
-0.039134,0.08278,0.01563,anatlOFC_30,session 1
0.015043,-0.0094777,-0.0010033,anatlOFC_30,session 1
0.0032451,0.0085744,0.00051192,anatlOFC_30,session 1
-0.013437,-0.0022263,0.0067404,anatlOFC_30,session 1
0.0020406,0.0075219,0.0031003,anatlOFC_30,session 1
-0.0077619,-0.016206,0.0039623,anatlOFC_30,session 1
-0.0053435,-0.01664,0.0015451,anatlOFC_30,session 1
-0.0071874,0.0084278,0.0029335,anatlOFC_30,session 1
-0.00041288,-0.011046,0.0069497,anatlOFC_30,session 1
-0.011599,-0.016472,0.0053737,anatlOFC_30,session 1
-0.0097649,-0.0066479,-0.0034806,anatlOFC_30,session 1
-0.0044965,-0.0019114,-0.0010049,anatlOFC_30,session 1
0.00047341,0.011987,0.029309,anatlOFC_30,session 1
-0.0083367,0.0033129,0.0086502,anatlOFC_30,session 1
-0.025688,0.063214,-0.0037192,anatlOFC_30,session 1
-0.004955,0.011411,0.003027,anatlOFC_30,session 1
-0.0070635,0.014614,-0.0041144,anatlOFC_30,session 1
-0.0036744,0.01492,-0.012983,anatlOFC_30,session 1
-0.01128,-0.027552,-0.009493,anatlOFC_30,session 1
0.0081488,0.0057298,-0.003325,anatlOFC_30,session 1
-0.0033125,0.0079631,0.0015195,anatlOFC_30,session 1
-0.034973,0.0095036,-0.014356,anatlOFC_30,session 1
-0.01058,-0.0088849,0.017985,anatlOFC_30,session 1
0.00071176,-0.009282,-0.010437,anatlOFC_30,session 1
-0.011595,-0.0020432,0.0051016,anatlOFC_30,session 1
-0.027829,0.004814,0.0088307,anatlOFC_30,session 1
-0.010633,0.011212,-0.0010019,anatlOFC_30,session 1
-0.015357,-0.0079314,0.0040732,anatlOFC_30,session 1
-0.0024233,-0.0048422,0.0041519,anatlOFC_30,session 1
-0.0044115,-0.010832,0.0024009,anatlOFC_30,session 1
-0.0050737,-0.0097441,0.0060129,anatlOFC_30,session 1
0.015326,-0.015927,-0.0021075,anatlOFC_30,session 1
-0.010424,-0.01317,-0.0060525,anatlOFC_30,session 1
0.0079662,-0.019628,0.0012333,anatlOFC_30,session 1
0.016546,0.018204,-0.0026496,anatrOFC_30,session 1
-0.0024025,-0.0099919,-0.0068293,anatrOFC_30,session 1
0.0051065,0.014822,0.0018909,anatrOFC_30,session 1
0.0090996,0.00092767,0.0085074,anatrOFC_30,session 1
0.010073,-0.0061395,0.016034,anatrOFC_30,session 1
-0.0052523,0.019173,-0.0035443,anatrOFC_30,session 1
-0.0036635,-0.0069087,0.00081749,anatrOFC_30,session 1
-0.001876,-0.0013991,-0.0014191,anatrOFC_30,session 1
-0.026425,0.070884,0.0073502,anatrOFC_30,session 1
0.013062,-0.013033,0.0059596,anatrOFC_30,session 1
-0.021744,-0.0029436,-0.0020173,anatrOFC_30,session 1
-0.021512,-0.01444,1.7569e-05,anatrOFC_30,session 1
-0.0034137,0.013792,-0.0023234,anatrOFC_30,session 1
-0.014961,-0.014144,-0.002618,anatrOFC_30,session 1
0.004107,-0.01106,0.0041906,anatrOFC_30,session 1
-0.01931,-0.0031917,0.0090969,anatrOFC_30,session 1
-0.001957,-0.0040803,0.0016857,anatrOFC_30,session 1
-0.0077935,0.011495,0.0035841,anatrOFC_30,session 1
0.0051538,-0.0056065,0.0092593,anatrOFC_30,session 1
-0.017373,-0.0044695,0.0034551,anatrOFC_30,session 1
-0.0040068,-0.0011535,0.033608,anatrOFC_30,session 1
-0.013889,0.0027802,-0.00076014,anatrOFC_30,session 1
-0.013005,0.078154,-0.0053489,anatrOFC_30,session 1
-0.0043336,0.014956,0.0015158,anatrOFC_30,session 1
-0.017295,0.0036279,0.0025367,anatrOFC_30,session 1
0.0046864,-2.9273e-05,-0.011291,anatrOFC_30,session 1
-0.019845,-0.02851,6.2962e-05,anatrOFC_30,session 1
-0.0010354,-0.0024478,-0.0031991,anatrOFC_30,session 1
-0.0024698,0.011055,-0.0028131,anatrOFC_30,session 1
-0.016659,0.010355,-0.0090529,anatrOFC_30,session 1
-0.0057455,0.0038044,0.018761,anatrOFC_30,session 1
0.0039875,-0.010408,-0.0046918,anatrOFC_30,session 1
-0.0071232,0.0087519,0.00090967,anatrOFC_30,session 1
-0.01615,0.0059554,0.010216,anatrOFC_30,session 1
-0.0093159,0.0057557,-0.0039719,anatrOFC_30,session 1
-0.023672,-0.0038839,-0.0039094,anatrOFC_30,session 1
-0.00017866,-0.00047746,-0.0019038,anatrOFC_30,session 1
0.0015028,0.0033056,-0.0028966,anatrOFC_30,session 1
0.0060659,0.010419,-0.0036608,anatrOFC_30,session 1
0.014305,-0.025739,-0.010273,anatrOFC_30,session 1
-0.010973,-0.020713,0.0010765,anatrOFC_30,session 1
0.01333,-0.0092338,0.0041282,anatrOFC_30,session 1
0.024751,0.020006,0.0042678,anatBiOFC_30,session 1
7.4824e-05,-0.010519,-0.0013931,anatBiOFC_30,session 1
-0.0073909,0.015605,-0.0034874,anatBiOFC_30,session 1
0.011005,-0.0027617,0.0068062,anatBiOFC_30,session 1
0.0037872,-0.0024068,0.0071834,anatBiOFC_30,session 1
-0.0046792,0.010602,-0.0042908,anatBiOFC_30,session 1
-0.0043544,0.0075567,0.00020673,anatBiOFC_30,session 1
-0.0013716,0.0075534,-0.0082011,anatBiOFC_30,session 1
-0.033649,0.076897,0.013054,anatBiOFC_30,session 1
0.013799,-0.010894,0.0018102,anatBiOFC_30,session 1
-0.0086671,0.0024185,-5.5146e-05,anatBiOFC_30,session 1
-0.016834,-0.0058546,0.0042918,anatBiOFC_30,session 1
-0.00085503,0.0096953,0.00045409,anatBiOFC_30,session 1
-0.011673,-0.013534,0.0011136,anatBiOFC_30,session 1
-0.0020792,-0.014377,0.0030471,anatBiOFC_30,session 1
-0.013299,0.0022877,0.0068571,anatBiOFC_30,session 1
-7.1513e-05,-0.0074886,0.004387,anatBiOFC_30,session 1
-0.0079206,-0.0060122,0.0048489,anatBiOFC_30,session 1
-0.0027248,-0.0044356,0.0022341,anatBiOFC_30,session 1
-0.0098605,-0.0027259,0.00062227,anatBiOFC_30,session 1
-0.0016339,0.00704,0.031484,anatBiOFC_30,session 1
-0.011903,0.0023584,0.0035816,anatBiOFC_30,session 1
-0.016531,0.0701,-0.0034539,anatBiOFC_30,session 1
-0.0044833,0.012532,0.0019877,anatBiOFC_30,session 1
-0.014552,0.013432,-0.00091074,anatBiOFC_30,session 1
0.00061181,0.0089282,-0.014212,anatBiOFC_30,session 1
-0.017508,-0.025887,-0.0059558,anatBiOFC_30,session 1
0.003232,0.00095707,-0.0035963,anatBiOFC_30,session 1
-0.0021124,0.0098211,-0.00050012,anatBiOFC_30,session 1
-0.027106,0.0092914,-0.012041,anatBiOFC_30,session 1
-0.0087527,-0.0051895,0.018501,anatBiOFC_30,session 1
0.0029176,-0.0099742,-0.0080065,anatBiOFC_30,session 1
-0.0099427,0.0020279,0.0026087,anatBiOFC_30,session 1
-0.023988,0.0048543,0.0084597,anatBiOFC_30,session 1
-0.010694,0.0081028,-0.002241,anatBiOFC_30,session 1
-0.019509,-0.0064147,0.00064738,anatBiOFC_30,session 1
-0.0017537,-0.0030742,0.0022837,anatBiOFC_30,session 1
-0.0016403,-0.0028672,-0.00019692,anatBiOFC_30,session 1
-0.00066376,-0.00068999,0.0020668,anatBiOFC_30,session 1
0.013297,-0.02035,-0.0055638,anatBiOFC_30,session 1
-0.011226,-0.014923,-0.0028053,anatBiOFC_30,session 1
0.0087805,-0.01427,0.0028013,anatBiOFC_30,session 1
0.007036,2.4151e-05,0.0028701,anatrHippo_30,session 1
-0.00579,2.1873e-05,4.0867e-05,anatrHippo_30,session 1
-0.0029973,0.0045933,-0.0022495,anatrHippo_30,session 1
0.011522,0.0012704,-0.0021301,anatrHippo_30,session 1
-0.017745,-0.022323,0.0049165,anatrHippo_30,session 1
0.01876,0.010017,-0.007897,anatrHippo_30,session 1
-5.1582e-05,0.0021561,-0.0058211,anatrHippo_30,session 1
0.001599,0.010199,-0.0070808,anatrHippo_30,session 1
-0.012267,0.036521,0.0077477,anatrHippo_30,session 1
0.0019768,0.013619,0.00097189,anatrHippo_30,session 1
0.0063318,-0.010936,-0.00031741,anatrHippo_30,session 1
0.012987,-0.010062,0.0023266,anatrHippo_30,session 1
0.0019326,-0.0016632,-0.0019819,anatrHippo_30,session 1
0.0029037,-0.00070646,-0.0038911,anatrHippo_30,session 1
0.0031784,-0.0001332,-0.0057442,anatrHippo_30,session 1
-0.0056822,-0.001314,0.0074027,anatrHippo_30,session 1
-0.001444,0.011058,0.0028617,anatrHippo_30,session 1
-0.018471,0.01293,0.016787,anatrHippo_30,session 1
0.014387,0.0061943,0.0038704,anatrHippo_30,session 1
-0.014894,-0.0028026,-0.0028507,anatrHippo_30,session 1
-0.008405,-0.001403,0.001238,anatrHippo_30,session 1
-0.0051855,-0.00015128,-0.0026032,anatrHippo_30,session 1
0.0062086,0.046206,-0.00037606,anatrHippo_30,session 1
0.00043293,-0.0081763,0.010674,anatrHippo_30,session 1
0.021694,0.029267,0.010466,anatrHippo_30,session 1
-0.052095,0.0085958,0.015718,anatrHippo_30,session 1
-0.012868,-0.011592,-0.0055286,anatrHippo_30,session 1
0.011509,-0.017545,-0.0045534,anatrHippo_30,session 1
-0.00027352,0.0013014,-0.0060948,anatrHippo_30,session 1
-0.0089169,-0.0078106,-0.0051618,anatrHippo_30,session 1
-0.0071066,-0.0075831,0.024792,anatrHippo_30,session 1
0.0057583,0.0011097,-0.0026792,anatrHippo_30,session 1
-1.569e-05,0.0018307,-0.0014743,anatrHippo_30,session 1
-0.010564,0.013516,0.0031283,anatrHippo_30,session 1
-0.00084523,0.0026619,0.00029444,anatrHippo_30,session 1
-0.01611,-0.0074814,0.014311,anatrHippo_30,session 1
-0.0035527,-0.0073921,-0.0012291,anatrHippo_30,session 1
-0.010793,-0.008561,0.0043042,anatrHippo_30,session 1
-0.0023077,-0.0098005,-0.002013,anatrHippo_30,session 1
0.016189,-0.01508,-0.0037902,anatrHippo_30,session 1
0.0026218,-0.0062497,-0.00062609,anatrHippo_30,session 1
0.0040775,0.0016815,-0.00085891,anatrHippo_30,session 1
0.0063172,0.0011908,0.003126,anatBiHippo_30,session 1
-0.0031318,0.001092,0.00036629,anatBiHippo_30,session 1
-0.0036293,0.0045616,-0.00024827,anatBiHippo_30,session 1
0.0073646,-0.0032426,0.0026437,anatBiHippo_30,session 1
-0.020092,-0.017836,-0.00018764,anatBiHippo_30,session 1
0.01396,0.009255,-0.0016996,anatBiHippo_30,session 1
-0.0031287,0.0012583,-0.0059216,anatBiHippo_30,session 1
0.0001429,0.0081564,-0.0051341,anatBiHippo_30,session 1
-0.013365,0.033435,0.0053307,anatBiHippo_30,session 1
-0.00029798,0.007035,-0.0017263,anatBiHippo_30,session 1
0.017478,-0.017869,0.00096325,anatBiHippo_30,session 1
0.0034084,-0.014291,-0.0013374,anatBiHippo_30,session 1
0.0030091,-0.0040631,-0.0026857,anatBiHippo_30,session 1
0.0027455,-0.0045769,-0.0048185,anatBiHippo_30,session 1
0.0027693,-0.00013712,-0.00093532,anatBiHippo_30,session 1
-0.0018051,-0.0037102,0.004919,anatBiHippo_30,session 1
-0.0032073,0.0033906,0.00067496,anatBiHippo_30,session 1
-0.019503,0.0090297,0.01497,anatBiHippo_30,session 1
0.014181,9.0312e-05,0.0059221,anatBiHippo_30,session 1
-0.017247,-0.0012701,-0.0030464,anatBiHippo_30,session 1
-0.010053,-0.0042089,0.0018576,anatBiHippo_30,session 1
-0.0018454,0.0064654,-0.0030798,anatBiHippo_30,session 1
-4.9887e-06,0.065744,0.0068237,anatBiHippo_30,session 1
0.0015445,-0.0072387,0.01031,anatBiHippo_30,session 1
0.013627,0.025198,0.008584,anatBiHippo_30,session 1
-0.041596,0.013512,0.0074925,anatBiHippo_30,session 1
-0.0090405,-0.011002,-0.0035876,anatBiHippo_30,session 1
0.0078524,-0.014403,-0.0035831,anatBiHippo_30,session 1
0.0010205,-0.0019493,-0.0010207,anatBiHippo_30,session 1
-0.0096726,-0.010039,-0.0038264,anatBiHippo_30,session 1
-0.013615,-0.0055435,0.022705,anatBiHippo_30,session 1
0.0020687,-0.0017917,-0.002589,anatBiHippo_30,session 1
-0.0045875,0.0038104,0.0016737,anatBiHippo_30,session 1
-0.0096706,0.019915,0.0052769,anatBiHippo_30,session 1
-0.00034621,-0.001559,0.00010023,anatBiHippo_30,session 1
-0.018675,-0.012561,0.01217,anatBiHippo_30,session 1
-0.0063646,-0.0019467,6.9344e-05,anatBiHippo_30,session 1
-0.0087344,-0.003809,0.00010738,anatBiHippo_30,session 1
-0.00098525,-0.0020034,0.00029426,anatBiHippo_30,session 1
0.010029,-0.016864,-0.0025772,anatBiHippo_30,session 1
0.0021195,-0.0072426,-0.00064528,anatBiHippo_30,session 1
0.00058412,0.00095153,0.0010412,anatBiHippo_30,session 1
-0.018893,0.061993,0.012018,BA10,session 1
0.0020196,0.014053,-0.001675,BA10,session 1
-0.0068283,0.0022715,-0.0028129,BA10,session 1
0.0063579,0.008736,-0.0044256,BA10,session 1
0.016323,0.03883,0.01552,BA10,session 1
-0.0026038,0.012844,0.0010059,BA10,session 1
-0.013069,-0.0065507,-0.00017453,BA10,session 1
0.0065703,-0.0054328,0.0033867,BA10,session 1
-0.027087,0.024892,0.025067,BA10,session 1
0.0096892,-0.00064171,-0.0046514,BA10,session 1
0.0027491,0.0060337,0.0041555,BA10,session 1
-0.011731,0.0053039,-0.0018493,BA10,session 1
0.011613,-0.0074193,0.00059866,BA10,session 1
-0.00078247,-0.0086559,-0.0030715,BA10,session 1
-0.0074447,-0.016394,0.00069084,BA10,session 1
-0.023583,0.0051912,0.016461,BA10,session 1
0.010003,-0.0020795,-0.00038541,BA10,session 1
-0.004584,0.0058545,0.00079948,BA10,session 1
0.0077837,0.0032734,0.0072296,BA10,session 1
-0.0024832,0.0097606,0.0066277,BA10,session 1
-0.00065414,0.01135,0.022529,BA10,session 1
-0.01343,0.016995,-0.0050877,BA10,session 1
-0.018015,0.067154,-0.0030263,BA10,session 1
0.022822,0.0039125,0.0072089,BA10,session 1
-0.01292,-0.0067377,-0.0059067,BA10,session 1
-0.026559,-0.012459,-0.019643,BA10,session 1
-0.0099508,0.025343,0.010712,BA10,session 1
-0.0044259,0.0098844,-0.010158,BA10,session 1
-0.016384,0.012219,-0.00026217,BA10,session 1
-0.025662,0.014827,-0.018492,BA10,session 1
-0.0023038,0.0152,-0.0071497,BA10,session 1
0.009816,-0.0062537,-0.0031892,BA10,session 1
0.0054047,-0.022517,0.012193,BA10,session 1
0.026425,0.037067,3.3464e-05,BA10,session 1
-0.010067,0.0061016,0.0059758,BA10,session 1
-0.024635,-0.0046529,-0.0086386,BA10,session 1
-0.0069313,-0.0064721,0.0080155,BA10,session 1
0.010252,0.0091206,-0.0043375,BA10,session 1
0.0064154,-0.0013649,0.0043768,BA10,session 1
0.0016735,-0.016822,0.0036371,BA10,session 1
-0.0024213,-0.012009,-0.0039239,BA10,session 1
0.0062467,-0.026363,0.0049239,BA10,session 1
0.0027519,0.0021947,0.00011603,anatlAG,session 1
0.015511,-0.00248,-0.0021735,anatlAG,session 1
-0.00094883,0.00071628,0.0037056,anatlAG,session 1
-0.0034486,-0.0057097,-0.001088,anatlAG,session 1
-0.025891,-0.026495,-0.0058226,anatlAG,session 1
-0.0011732,0.0071542,-0.0059392,anatlAG,session 1
0.010342,0.0086185,-0.0021089,anatlAG,session 1
-0.0011546,0.00070847,0.013124,anatlAG,session 1
0.0010734,-0.014549,-0.0024863,anatlAG,session 1
0.017617,-0.0077965,0.0016878,anatlAG,session 1
0.012299,0.015193,-0.0038404,anatlAG,session 1
-0.0023524,-0.014743,-0.0065283,anatlAG,session 1
0.0046763,0.0037824,0.0042347,anatlAG,session 1
-0.00019149,-0.0086277,0.00091004,anatlAG,session 1
0.00047391,-0.0016536,0.0064368,anatlAG,session 1
0.0071781,-0.0065362,-0.0045698,anatlAG,session 1
-0.0079384,0.0028663,-0.0012022,anatlAG,session 1
-0.0067047,0.0010075,-0.00074434,anatlAG,session 1
-0.00033048,0.015354,0.014789,anatlAG,session 1
0.0029452,0.0083823,0.008856,anatlAG,session 1
-0.0019654,-0.0017735,-0.00059361,anatlAG,session 1
-0.0052282,0.027438,-0.0031236,anatlAG,session 1
-0.0094059,0.031328,0.0023245,anatlAG,session 1
0.0070955,0.0019052,0.0027303,anatlAG,session 1
-0.024801,0.03902,0.02165,anatlAG,session 1
-0.025675,0.0038943,-0.011716,anatlAG,session 1
-0.010338,-0.01436,-0.0063403,anatlAG,session 1
-0.0012978,-0.0041746,-0.0064734,anatlAG,session 1
-0.015924,0.0055794,0.0041611,anatlAG,session 1
0.0035956,0.007364,-0.0041205,anatlAG,session 1
-0.0085427,-0.012937,0.0045259,anatlAG,session 1
0.0092097,-0.0061201,-0.0020339,anatlAG,session 1
0.0096241,-0.011683,0.0011809,anatlAG,session 1
-0.020871,0.032369,0.0042289,anatlAG,session 1
-0.0052664,-0.003348,0.0012377,anatlAG,session 1
-0.0087396,-3.9116e-05,-0.00049599,anatlAG,session 1
-0.0058016,-0.0096551,0.0025402,anatlAG,session 1
-0.0068291,0.0010723,-0.0039368,anatlAG,session 1
0.0040485,-0.0075819,-0.0011743,anatlAG,session 1
0.010099,-0.01139,0.002352,anatlAG,session 1
-0.0049818,-0.020938,0.0019058,anatlAG,session 1
-0.0029633,-0.01664,0.0020798,anatlAG,session 1
-0.0034504,-0.011531,0.0014583,priorlAG,session 1
0.0042465,-0.0062924,-0.0025263,priorlAG,session 1
-0.0023537,-0.012269,0.004075,priorlAG,session 1
0.0032593,0.00061488,-0.0025834,priorlAG,session 1
-0.021166,-0.0065349,-0.011128,priorlAG,session 1
0.00033347,0.0035635,-0.0094179,priorlAG,session 1
0.0018441,-0.0025499,-0.0015449,priorlAG,session 1
0.0033926,-0.0043526,0.00017122,priorlAG,session 1
-0.010184,-0.0024524,-0.0061941,priorlAG,session 1
0.0021371,-0.0055259,-0.00026331,priorlAG,session 1
-0.0076648,0.016025,-0.00082636,priorlAG,session 1
0.0058748,0.00013364,0.0023032,priorlAG,session 1
0.014468,0.002754,0.0053348,priorlAG,session 1
0.0043747,-0.0090446,0.0018912,priorlAG,session 1
0.0025862,-0.0067324,-0.0035176,priorlAG,session 1
0.0062507,-0.0044183,-0.0074253,priorlAG,session 1
-0.0019942,0.025087,0.0011195,priorlAG,session 1
-0.0052428,0.0015274,-0.0064057,priorlAG,session 1
0.016048,-0.0064463,-0.0011461,priorlAG,session 1
0.01581,0.017546,0.012769,priorlAG,session 1
-0.012229,0.0018658,-0.0060518,priorlAG,session 1
0.0044534,-0.00089322,0.0046735,priorlAG,session 1
0.025646,0.019036,-0.0032998,priorlAG,session 1
0.0020274,-0.0023146,0.009674,priorlAG,session 1
-0.01467,0.02598,0.0078243,priorlAG,session 1
-0.023514,0.025163,-0.014911,priorlAG,session 1
-0.015258,-0.01394,-0.0063057,priorlAG,session 1
-0.008519,0.0013761,-0.004726,priorlAG,session 1
-0.0076784,-0.016724,0.0042356,priorlAG,session 1
0.00099572,-0.012103,0.0036297,priorlAG,session 1
-0.0091132,-0.0047678,-0.0019067,priorlAG,session 1
0.01554,-0.010222,-0.0021617,priorlAG,session 1
0.0091278,-8.23e-05,0.002204,priorlAG,session 1
-0.023072,0.037207,0.013161,priorlAG,session 1
-0.011104,-0.00063942,0.0043275,priorlAG,session 1
-0.019109,-0.0033004,0.0023717,priorlAG,session 1
-0.0050264,-0.022506,0.001102,priorlAG,session 1
-0.011615,0.014527,-0.011804,priorlAG,session 1
-0.015867,-0.014281,0.00065185,priorlAG,session 1
-0.0021863,-0.006754,0.003452,priorlAG,session 1
-0.0010943,-0.0041923,0.0088164,priorlAG,session 1
0.0009316,-0.022504,0.0028328,priorlAG,session 1
-0.0078463,0.0060275,-0.0033887,anatlOFC_30,session 2
-0.014333,-0.0082173,-0.0063875,anatlOFC_30,session 2
-0.019795,-0.018275,0.0060986,anatlOFC_30,session 2
-0.0025962,0.020044,-0.0028016,anatlOFC_30,session 2
0.0013568,0.018577,0.0022831,anatlOFC_30,session 2
-0.0055898,0.021223,-0.011436,anatlOFC_30,session 2
0.0029179,-0.0058846,0.0010722,anatlOFC_30,session 2
-0.0058594,0.0015712,0.001307,anatlOFC_30,session 2
-0.023631,-0.020763,0.0087611,anatlOFC_30,session 2
0.00030545,0.019862,-0.0077574,anatlOFC_30,session 2
-0.0067596,-0.017581,-0.0014143,anatlOFC_30,session 2
-0.014863,-0.0042196,0.00068751,anatlOFC_30,session 2
0.017484,-0.021483,0.014594,anatlOFC_30,session 2
0.01171,-0.0042015,-0.0016689,anatlOFC_30,session 2
-0.0094572,-0.017712,-0.0041217,anatlOFC_30,session 2
-0.0072208,-0.022356,0.028145,anatlOFC_30,session 2
0.0063112,-0.012002,0.013611,anatlOFC_30,session 2
-0.011556,0.0020641,0.0021102,anatlOFC_30,session 2
0.0024701,0.019161,-0.0067083,anatlOFC_30,session 2
0.0098352,-0.0032044,0.0038475,anatlOFC_30,session 2
-0.015035,-0.0019965,-0.00075367,anatlOFC_30,session 2
0.0038526,0.013501,0.0031608,anatlOFC_30,session 2
0.064151,-0.021382,0.0026803,anatlOFC_30,session 2
-0.020565,-0.00052992,-0.012741,anatlOFC_30,session 2
0.0073041,0.004776,-0.0013534,anatlOFC_30,session 2
0.02559,-0.0099912,-0.0032608,anatlOFC_30,session 2
0.010042,-0.00084242,0.00041228,anatlOFC_30,session 2
-0.0099787,0.0065409,-0.0025086,anatlOFC_30,session 2
-0.0058089,0.0077905,0.0024885,anatlOFC_30,session 2
-0.0050685,0.040635,-0.010588,anatlOFC_30,session 2
-0.007331,-0.020859,-0.011079,anatlOFC_30,session 2
0.01507,-0.0061467,0.0033919,anatlOFC_30,session 2
0.0075907,0.00074708,0.00048403,anatlOFC_30,session 2
0.0098291,-0.00018619,0.0077634,anatlOFC_30,session 2
0.0024448,-0.0073806,-0.0012001,anatlOFC_30,session 2
-0.0074316,-0.0053582,-0.0027843,anatlOFC_30,session 2
-0.016202,0.028067,0.0024632,anatlOFC_30,session 2
0.0044185,-0.011276,0.0046936,anatlOFC_30,session 2
-5.7925e-05,0.0048281,-0.0021224,anatlOFC_30,session 2
0.0026821,-0.013886,0.016606,anatlOFC_30,session 2
0.0039304,0.0089254,-0.002706,anatlOFC_30,session 2
0.039302,0.0010815,0.0020825,anatlOFC_30,session 2
0.00053417,0.0052127,-0.0038229,anatrOFC_30,session 2
-0.0087146,-0.011913,0.0020741,anatrOFC_30,session 2
-0.013079,-0.017434,0.0017749,anatrOFC_30,session 2
0.0036416,0.0084817,-0.0017497,anatrOFC_30,session 2
0.017303,0.013033,8.9362e-05,anatrOFC_30,session 2
-0.0071825,0.0136,-0.0051015,anatrOFC_30,session 2
-0.0012679,-0.0076456,-0.0026903,anatrOFC_30,session 2
0.0036213,0.013495,-0.0011381,anatrOFC_30,session 2
-0.017474,-0.030877,0.013883,anatrOFC_30,session 2
-0.010714,0.0171,-0.0081521,anatrOFC_30,session 2
-0.0080204,-0.011724,-0.0021763,anatrOFC_30,session 2
0.0057543,-0.00097063,0.00052029,anatrOFC_30,session 2
0.0091526,-0.0072181,0.0014298,anatrOFC_30,session 2
0.0087206,0.0066919,-0.00053273,anatrOFC_30,session 2
0.00087568,-0.013547,-0.0021181,anatrOFC_30,session 2
-0.011572,-0.018765,0.013395,anatrOFC_30,session 2
-0.00025045,-0.031804,0.0069359,anatrOFC_30,session 2
-0.0015352,0.015625,-0.0026405,anatrOFC_30,session 2
0.0035682,0.021074,-0.004738,anatrOFC_30,session 2
0.0062306,-0.005192,-0.000241,anatrOFC_30,session 2
0.0013568,-0.00072862,0.0066379,anatrOFC_30,session 2
0.0011844,0.0086327,0.0034068,anatrOFC_30,session 2
0.033339,0.013289,-0.0037183,anatrOFC_30,session 2
-0.0086878,-0.0099072,-0.0045206,anatrOFC_30,session 2
0.0062233,0.0049457,-0.0066362,anatrOFC_30,session 2
0.029143,0.027981,-0.0085464,anatrOFC_30,session 2
0.018643,0.0094098,-0.0012139,anatrOFC_30,session 2
0.0021019,0.011528,-0.0021902,anatrOFC_30,session 2
0.00060944,0.0026554,7.6318e-05,anatrOFC_30,session 2
0.0033464,0.039231,-0.0032351,anatrOFC_30,session 2
0.0091672,-0.026986,-3.1191e-05,anatrOFC_30,session 2
0.01892,-0.009486,-0.0022983,anatrOFC_30,session 2
0.019796,-0.00023808,-0.0026135,anatrOFC_30,session 2
-0.006649,-0.0013094,0.0062819,anatrOFC_30,session 2
0.0091069,0.0005521,0.0026004,anatrOFC_30,session 2
0.0024121,-0.0103,0.003986,anatrOFC_30,session 2
0.0022998,0.019437,0.0028566,anatrOFC_30,session 2
0.0015185,-0.001814,-0.0017335,anatrOFC_30,session 2
-0.0025196,0.0085147,5.6406e-05,anatrOFC_30,session 2
0.0020396,0.001638,0.011831,anatrOFC_30,session 2
0.001021,-0.0086739,-0.0038215,anatrOFC_30,session 2
0.016864,-0.011384,-0.0099686,anatrOFC_30,session 2
-0.0039815,0.005629,-0.0033071,anatBiOFC_30,session 2
-0.011899,-0.0099755,-0.0014506,anatBiOFC_30,session 2
-0.016085,-0.01759,0.0042711,anatBiOFC_30,session 2
0.00015933,0.01463,-0.0024675,anatBiOFC_30,session 2
0.011042,0.014975,0.00060737,anatBiOFC_30,session 2
-0.0065495,0.01747,-0.0093704,anatBiOFC_30,session 2
0.00039834,-0.0074002,-0.00025143,anatBiOFC_30,session 2
-0.0012297,0.0082386,-0.0002142,anatBiOFC_30,session 2
-0.020443,-0.023532,0.011646,anatBiOFC_30,session 2
-0.0055764,0.019221,-0.0079337,anatBiOFC_30,session 2
-0.0068093,-0.014616,-0.0016278,anatBiOFC_30,session 2
-0.0038278,-0.0030621,0.0013284,anatBiOFC_30,session 2
0.013182,-0.014276,0.0079711,anatBiOFC_30,session 2
0.010489,0.00090521,-0.001273,anatBiOFC_30,session 2
-0.0050945,-0.017184,-0.002709,anatBiOFC_30,session 2
-0.0090093,-0.019514,0.021533,anatBiOFC_30,session 2
0.0038838,-0.019448,0.010953,anatBiOFC_30,session 2
-0.0090341,0.0058577,0.00061802,anatBiOFC_30,session 2
0.0020802,0.019136,-0.005631,anatBiOFC_30,session 2
0.0083702,-0.0024775,0.001749,anatBiOFC_30,session 2
-0.0080851,-0.0011784,0.0019303,anatBiOFC_30,session 2
0.0036564,0.010575,0.0032032,anatBiOFC_30,session 2
0.051104,-0.0057425,0.00025855,anatBiOFC_30,session 2
-0.016129,-0.0044715,-0.0088194,anatBiOFC_30,session 2
0.0064142,0.0047893,-0.0040476,anatBiOFC_30,session 2
0.026286,0.0054274,-0.005444,anatBiOFC_30,session 2
0.013658,0.0038217,-0.00056487,anatBiOFC_30,session 2
-0.003915,0.0089788,-0.0024631,anatBiOFC_30,session 2
-0.0028682,0.0058811,0.0013281,anatBiOFC_30,session 2
-0.0022699,0.038835,-0.0077118,anatBiOFC_30,session 2
0.0010406,-0.023216,-0.0062665,anatBiOFC_30,session 2
0.016617,-0.0073925,0.00088184,anatBiOFC_30,session 2
0.012127,0.00046698,-0.001777,anatBiOFC_30,session 2
0.0021044,-0.00038496,0.0067937,anatBiOFC_30,session 2
0.0060659,-0.0036088,0.00056822,anatBiOFC_30,session 2
-0.0024281,-0.0083518,-0.00046221,anatBiOFC_30,session 2
-0.0088173,0.025264,0.0034615,anatBiOFC_30,session 2
0.0037914,-0.0072848,0.0030928,anatBiOFC_30,session 2
-0.00079341,0.0065317,-0.0013194,anatBiOFC_30,session 2
0.0016621,-0.0070736,0.01447,anatBiOFC_30,session 2
0.0025357,0.0013961,-0.0033149,anatBiOFC_30,session 2
0.029683,-0.0041034,-0.0029885,anatBiOFC_30,session 2
-0.022695,0.0044539,-0.0033739,anatrHippo_30,session 2
0.0031714,-0.012452,-0.0014655,anatrHippo_30,session 2
0.0016771,-0.01351,0.0050572,anatrHippo_30,session 2
0.0059531,0.0079604,-0.0064014,anatrHippo_30,session 2
-0.0063376,-0.0016634,0.0061061,anatrHippo_30,session 2
-0.0062284,0.034244,-0.0072222,anatrHippo_30,session 2
0.0025632,-0.00066466,-0.00053666,anatrHippo_30,session 2
0.0024824,0.0024575,-0.0018714,anatrHippo_30,session 2
-0.0059994,-0.011876,0.0029411,anatrHippo_30,session 2
-0.0079226,0.0035322,-0.0054323,anatrHippo_30,session 2
0.0068534,-0.0056257,0.0011597,anatrHippo_30,session 2
0.017636,0.0073271,0.0089015,anatrHippo_30,session 2
0.0075296,-0.0022912,0.0051372,anatrHippo_30,session 2
0.011603,0.00011055,0.00046816,anatrHippo_30,session 2
0.013569,-0.0059322,-0.0051074,anatrHippo_30,session 2
-0.0037999,0.0032404,0.0064958,anatrHippo_30,session 2
-0.010996,0.036129,-0.01013,anatrHippo_30,session 2
-0.0052421,-0.012608,0.0031451,anatrHippo_30,session 2
-0.00016883,0.0050411,-0.0022087,anatrHippo_30,session 2
-0.0038829,-0.0032279,-0.0018442,anatrHippo_30,session 2
-0.0066716,-0.0091958,-0.005161,anatrHippo_30,session 2
0.017115,0.0094121,0.00082772,anatrHippo_30,session 2
0.0325,-0.0072694,0.0029322,anatrHippo_30,session 2
-0.0014752,-0.010752,0.00065377,anatrHippo_30,session 2
0.0095834,0.0032262,-0.0014112,anatrHippo_30,session 2
0.032139,0.054182,-0.00234,anatrHippo_30,session 2
0.00092838,0.00072979,0.0034208,anatrHippo_30,session 2
0.0079576,0.007371,-0.014465,anatrHippo_30,session 2
-0.0043457,-0.024036,0.0061535,anatrHippo_30,session 2
-0.0028093,-0.0096461,0.0032833,anatrHippo_30,session 2
5.7505e-05,-0.0074584,0.0021976,anatrHippo_30,session 2
0.013502,-0.0053515,0.0013977,anatrHippo_30,session 2
0.004518,0.0085528,-0.00033669,anatrHippo_30,session 2
-0.0086311,-0.00032419,0.0057615,anatrHippo_30,session 2
-0.011688,-0.011539,0.0011983,anatrHippo_30,session 2
0.0020599,-0.014663,0.010396,anatrHippo_30,session 2
-0.0026717,0.04698,-0.0094492,anatrHippo_30,session 2
0.017796,0.0036801,0.0031992,anatrHippo_30,session 2
-0.0027774,0.0017526,-0.0022376,anatrHippo_30,session 2
0.0001757,-0.0035376,0.0042517,anatrHippo_30,session 2
0.0018521,0.0072139,0.0028332,anatrHippo_30,session 2
0.0037959,0.0013506,0.0024488,anatrHippo_30,session 2
-0.016243,0.0018852,-0.005894,anatBiHippo_30,session 2
0.00071425,-0.015706,0.0023795,anatBiHippo_30,session 2
0.001494,-0.011477,0.005071,anatBiHippo_30,session 2
0.0072615,0.0016715,-0.0029229,anatBiHippo_30,session 2
-0.0034863,-0.00022767,0.0030945,anatBiHippo_30,session 2
-0.0062451,0.028602,-0.0069822,anatBiHippo_30,session 2
-0.0017099,-0.00066778,-0.00021129,anatBiHippo_30,session 2
-0.003253,-0.0014028,-0.00083242,anatBiHippo_30,session 2
-0.0085568,-0.018144,0.0093917,anatBiHippo_30,session 2
-0.0042604,0.0058594,-0.0057125,anatBiHippo_30,session 2
0.0057768,0.00067032,-0.00092852,anatBiHippo_30,session 2
0.0071414,0.00223,0.0091092,anatBiHippo_30,session 2
0.0042195,-4.3254e-05,0.010328,anatBiHippo_30,session 2
0.0087523,-0.0020898,0.0003552,anatBiHippo_30,session 2
0.0060727,-0.0053165,-0.00066923,anatBiHippo_30,session 2
-0.0046454,-0.0046479,0.0042592,anatBiHippo_30,session 2
-0.008298,0.020777,-0.0062807,anatBiHippo_30,session 2
-0.0093217,-0.011573,0.0026886,anatBiHippo_30,session 2
-0.0015461,0.0094856,-0.0030903,anatBiHippo_30,session 2
-0.001796,-0.0017348,-0.0015258,anatBiHippo_30,session 2
-0.0031715,-0.0045076,-0.0010539,anatBiHippo_30,session 2
0.0095938,0.0053149,-0.0007945,anatBiHippo_30,session 2
0.038042,-0.012661,0.0020909,anatBiHippo_30,session 2
-0.0019901,-0.0073134,-0.0020938,anatBiHippo_30,session 2
0.0083953,0.00080442,-0.002941,anatBiHippo_30,session 2
0.035098,0.046856,0.0038593,anatBiHippo_30,session 2
0.0006813,0.0040984,0.0040862,anatBiHippo_30,session 2
0.00074604,0.0021657,-0.01097,anatBiHippo_30,session 2
-0.0049812,-0.016504,0.0054482,anatBiHippo_30,session 2
-0.0052574,-0.0083165,0.0056086,anatBiHippo_30,session 2
-0.0028682,-0.0096638,-0.00073785,anatBiHippo_30,session 2
0.0099726,-0.0010909,0.00063623,anatBiHippo_30,session 2
-0.002596,0.0065903,-8.8565e-05,anatBiHippo_30,session 2
-0.0080368,-0.002998,0.0064403,anatBiHippo_30,session 2
-0.0070185,-0.0082649,-0.0007301,anatBiHippo_30,session 2
0.0069388,-0.010961,0.0072606,anatBiHippo_30,session 2
-0.00773,0.03513,-0.0077961,anatBiHippo_30,session 2
0.01308,0.0012126,0.0036475,anatBiHippo_30,session 2
-0.00068342,0.0035013,-0.0014385,anatBiHippo_30,session 2
0.00062413,0.00037155,0.0010843,anatBiHippo_30,session 2
0.0033852,0.0082252,0.0021672,anatBiHippo_30,session 2
0.0086599,-0.0016098,0.0021129,anatBiHippo_30,session 2
0.0069438,0.018463,-0.00057893,BA10,session 2
0.0098,-0.0065389,-0.0013603,BA10,session 2
0.0044756,-0.0030057,-0.0039847,BA10,session 2
-0.0071501,0.0088307,-0.0054828,BA10,session 2
-0.016958,0.01914,0.00068197,BA10,session 2
-0.0079766,0.0068994,-0.0031948,BA10,session 2
-0.0070596,-0.0049325,-8.4705e-05,BA10,session 2
-0.0094149,0.00092306,0.0009771,BA10,session 2
-0.011302,-0.014193,0.015525,BA10,session 2
-0.0092673,0.0011617,0.0019393,BA10,session 2
0.0057651,-0.00451,-0.0023787,BA10,session 2
-0.019105,0.0019966,-0.0079101,BA10,session 2
0.0096996,-0.00229,0.00090901,BA10,session 2
0.0089163,-0.0038284,-0.00085189,BA10,session 2
-0.0017464,-0.00089425,-0.00018768,BA10,session 2
-0.006753,-0.031847,0.020877,BA10,session 2
0.023373,-0.015711,0.019595,BA10,session 2
-0.0028455,-0.0097293,0.0011905,BA10,session 2
0.0067594,0.0019654,-0.0028851,BA10,session 2
0.0079181,0.0022256,0.0078163,BA10,session 2
-0.018145,-0.0098433,-0.00020921,BA10,session 2
0.010079,-0.0043742,-0.0012861,BA10,session 2
0.060455,-0.00066141,0.01375,BA10,session 2
-0.0028479,-0.0088547,-0.00085376,BA10,session 2
-0.00073783,-0.00041653,-0.0070866,BA10,session 2
0.066647,-0.0089021,0.0050384,BA10,session 2
0.017348,0.0069024,-0.0020236,BA10,session 2
0.0044875,0.0060342,-0.0092114,BA10,session 2
-0.0063554,0.0006394,-0.0044459,BA10,session 2
0.0081721,0.054348,-0.010605,BA10,session 2
-0.0077281,-0.019679,-0.0070511,BA10,session 2
0.015778,-0.0042908,0.0021559,BA10,session 2
0.0061694,0.0052022,0.014157,BA10,session 2
0.019242,0.020949,0.0041387,BA10,session 2
-0.0015277,-0.0070678,0.0025001,BA10,session 2
-0.0013552,0.0045723,0.00065576,BA10,session 2
-0.0055027,0.0072976,-0.0029799,BA10,session 2
-0.013657,-0.0013745,-0.0030261,BA10,session 2
-0.0021125,-0.00057745,0.0064744,BA10,session 2
-0.0056872,-0.0066532,0.0011796,BA10,session 2
0.0081815,-0.010363,-0.0069388,BA10,session 2
0.01447,0.010937,-0.0040882,BA10,session 2
-0.010545,-0.012048,-0.0021713,anatlAG,session 2
0.0085337,-0.025302,0.0018095,anatlAG,session 2
-0.0059579,-0.0047515,-0.0015396,anatlAG,session 2
-0.0010364,0.0071777,-0.0042522,anatlAG,session 2
0.022702,0.028815,-0.0048837,anatlAG,session 2
-0.0025251,-0.015234,-0.0036882,anatlAG,session 2
-0.0031326,-0.011386,-0.00091197,anatlAG,session 2
-0.0015778,-0.0061686,-0.00082173,anatlAG,session 2
-0.012887,-0.014995,0.0022932,anatlAG,session 2
-0.0073487,0.018968,-0.0001739,anatlAG,session 2
0.0094015,-0.010215,0.0048389,anatlAG,session 2
0.002421,-0.0045632,0.00044725,anatlAG,session 2
-0.0045401,-0.0073732,0.0036336,anatlAG,session 2
0.011085,-0.013819,-0.0043334,anatlAG,session 2
-0.0080051,-0.014901,0.011145,anatlAG,session 2
-0.014504,-0.029924,0.0056227,anatlAG,session 2
0.0059368,-0.0009885,0.0011319,anatlAG,session 2
-0.011533,0.0049767,-0.00040727,anatlAG,session 2
0.024079,0.020492,0.0035097,anatlAG,session 2
0.0021007,-0.0079513,0.0070229,anatlAG,session 2
-0.0076135,-0.0071109,-0.0013649,anatlAG,session 2
0.0010134,-0.013889,0.0050194,anatlAG,session 2
0.025013,-0.010337,0.0024836,anatlAG,session 2
0.0032935,-0.0044955,-0.0049116,anatlAG,session 2
0.0055153,0.0055119,-0.0057436,anatlAG,session 2
0.010567,0.10338,0.0022797,anatlAG,session 2
0.010225,0.0012948,0.0029111,anatlAG,session 2
-0.0012424,-0.00049925,-0.0035223,anatlAG,session 2
-0.0039268,-0.0072984,-0.0050048,anatlAG,session 2
0.02224,-0.0079573,-0.0027664,anatlAG,session 2
0.002988,-0.013852,-0.0082002,anatlAG,session 2
0.0031023,-0.0059232,-4.4493e-05,anatlAG,session 2
0.011767,-0.01879,0.0313,anatlAG,session 2
0.0043766,-0.012028,0.0093342,anatlAG,session 2
-0.0055958,-0.0086828,0.0021617,anatlAG,session 2
0.0019826,0.006054,-0.00048749,anatlAG,session 2
-0.01438,0.0089857,0.00098718,anatlAG,session 2
0.0059201,-0.0019119,-0.0026898,anatlAG,session 2
-0.008611,0.0052483,-0.00090404,anatlAG,session 2
-0.00075956,-0.002513,-0.0052398,anatlAG,session 2
0.00069316,0.0085226,-0.0012849,anatlAG,session 2
0.021536,0.0033777,0.00039096,anatlAG,session 2
-0.0077926,-0.027961,0.00058799,priorlAG,session 2
0.0076669,-0.010032,-0.00046678,priorlAG,session 2
-0.0021685,-0.011114,-0.00066508,priorlAG,session 2
0.00035129,-0.0051218,-0.0010885,priorlAG,session 2
0.017055,0.0063419,0.005192,priorlAG,session 2
0.016981,-0.012158,-0.0044842,priorlAG,session 2
0.014704,-0.0019252,0.0081769,priorlAG,session 2
0.0025684,-0.014273,0.00091315,priorlAG,session 2
-0.012652,-0.020787,0.0045459,priorlAG,session 2
0.013666,-0.002389,-0.0053236,priorlAG,session 2
-0.005492,0.00078365,0.0012189,priorlAG,session 2
0.013183,-0.01076,0.014475,priorlAG,session 2
-0.0072658,0.00025489,-0.0013801,priorlAG,session 2
0.01155,-0.0085277,0.00081852,priorlAG,session 2
-0.0042355,-0.018047,0.0037464,priorlAG,session 2
0.008712,-0.012259,0.0081931,priorlAG,session 2
0.017691,0.0066566,-0.0027965,priorlAG,session 2
-0.0087861,0.029408,0.0074349,priorlAG,session 2
0.0048526,0.068155,-0.010025,priorlAG,session 2
0.017949,-0.0025692,0.0043297,priorlAG,session 2
0.014674,-0.014844,0.001645,priorlAG,session 2
0.016023,-0.020813,0.0080311,priorlAG,session 2
0.0082645,-0.0035352,0.0029997,priorlAG,session 2
-0.0045479,0.010898,0.0040916,priorlAG,session 2
0.0030354,0.005726,0.00029076,priorlAG,session 2
0.0089046,0.045538,-0.0044504,priorlAG,session 2
0.016018,0.0022739,-0.0033081,priorlAG,session 2
-0.0095888,0.02697,-0.0053234,priorlAG,session 2
0.0032275,-0.01374,-0.0003551,priorlAG,session 2
-0.0083526,0.017442,-0.002211,priorlAG,session 2
0.0039535,-0.0070149,-0.012243,priorlAG,session 2
-0.0077677,-0.014739,-0.0061027,priorlAG,session 2
0.014886,-0.044475,0.027692,priorlAG,session 2
-0.0079741,0.021587,0.0086257,priorlAG,session 2
-0.013255,-0.0012358,0.012715,priorlAG,session 2
0.011329,0.0039728,0.0046927,priorlAG,session 2
-0.013716,0.0050517,0.0048998,priorlAG,session 2
-0.0023576,0.0022111,-0.00061336,priorlAG,session 2
-0.0032877,-0.011589,0.0013181,priorlAG,session 2
-0.00037649,-0.017192,-0.0056228,priorlAG,session 2
-0.0029437,-0.0016636,0.00050533,priorlAG,session 2
0.019056,0.0086697,-0.0024494,priorlAG,session 2
